Bin Id	Marker lineage	# genomes	# markers	# marker sets	0	1	2	3	4	5+	Completeness	Contamination	Strain heterogeneity
GCA_000010065.1_ASM1006v1_genomic	Cyanobacteria (1)	129	472	368	1	471	0	0	0	0	99.73	0.00	0.00
GCA_000011345.1_ASM1134v1_genomic	Cyanobacteria (1)	129	472	368	1	471	0	0	0	0	99.73	0.00	0.00
GCA_000012505.1_ASM1250v1_genomic	Cyanobacteria (1)	129	472	368	2	470	0	0	0	0	99.46	0.00	0.00
GCA_000012525.1_ASM1252v1_genomic	Cyanobacteria (1)	129	472	368	0	472	0	0	0	0	100.00	0.00	0.00
GCA_000012625.1_ASM1262v1_genomic	Cyanobacteria (1)	129	472	368	1	471	0	0	0	0	99.73	0.00	0.00
GCA_000013205.1_ASM1320v1_genomic	Cyanobacteria (1)	129	472	368	6	460	6	0	0	0	98.37	1.49	33.33
GCA_000013225.1_ASM1322v1_genomic	Cyanobacteria (1)	129	472	368	5	465	2	0	0	0	98.64	0.54	0.00
GCA_000014585.1_ASM1458v1_genomic	Cyanobacteria (1)	129	472	368	1	471	0	0	0	0	99.73	0.00	0.00
GCA_000019485.1_ASM1948v1_genomic	Cyanobacteria (1)	129	472	368	0	472	0	0	0	0	100.00	0.00	0.00
GCA_000063505.1_ASM6350v1_genomic	Cyanobacteria (1)	129	472	368	3	469	0	0	0	0	99.18	0.00	0.00
GCA_000063525.1_ASM6352v1_genomic	Cyanobacteria (1)	129	472	368	2	470	0	0	0	0	99.64	0.00	0.00
GCA_000153045.1_ASM15304v1_genomic	Cyanobacteria (1)	129	472	368	3	431	37	1	0	0	99.18	7.84	20.00
GCA_000153065.1_ASM15306v1_genomic	Cyanobacteria (1)	129	472	368	2	470	0	0	0	0	99.46	0.00	0.00
GCA_000153285.1_ASM15328v1_genomic	Cyanobacteria (1)	129	472	368	1	471	0	0	0	0	99.73	0.00	0.00
GCA_000153805.1_ASM15380v1_genomic	Cyanobacteria (1)	129	472	368	2	470	0	0	0	0	99.46	0.00	0.00
GCA_000153825.1_ASM15382v1_genomic	Cyanobacteria (1)	129	472	368	1	471	0	0	0	0	99.73	0.00	0.00
GCA_000155595.1_ASM15559v1_genomic	Cyanobacteria (1)	129	472	368	5	464	3	0	0	0	98.91	0.68	0.00
GCA_000161795.2_ASM16179v2_genomic	Cyanobacteria (1)	129	472	368	2	470	0	0	0	0	99.46	0.00	0.00
GCA_000179235.2_ASM17923v2_genomic	Cyanobacteria (1)	129	472	368	0	470	2	0	0	0	100.00	0.54	0.00
GCA_000179255.1_ASM17925v1_genomic	Cyanobacteria (1)	129	472	368	3	468	1	0	0	0	99.18	0.27	0.00
GCA_000195975.1_ASM19597v1_genomic	Cyanobacteria (1)	129	472	368	2	470	0	0	0	0	99.46	0.00	0.00
GCA_000230675.2_ASM23067v1_genomic	Cyanobacteria (1)	129	472	368	3	469	0	0	0	0	99.18	0.00	0.00
GCA_000316685.1_ASM31668v1_genomic	Cyanobacteria (1)	129	472	368	2	470	0	0	0	0	99.64	0.00	0.00
GCA_000317085.1_ASM31708v1_genomic	Cyanobacteria (1)	129	472	368	2	470	0	0	0	0	99.46	0.00	0.00
GCA_000332275.1_ASM33227v1_genomic	Cyanobacteria (1)	129	472	368	2	463	6	1	0	0	99.46	2.04	22.22
GCA_000485815.1_ASM48581v1_genomic	Cyanobacteria (1)	129	472	368	1	469	2	0	0	0	99.73	0.28	0.00
GCA_000505665.1_ASM50566v1_genomic	Cyanobacteria (1)	129	472	368	1	471	0	0	0	0	99.73	0.00	0.00
GCA_000515235.1_ASM51523v1_genomic	Cyanobacteria (1)	129	472	368	2	469	1	0	0	0	99.46	0.27	100.00
GCA_000586015.1_SynSpo.0_genomic	Cyanobacteria (1)	129	472	368	70	397	5	0	0	0	83.83	1.22	40.00
GCA_000715475.1_ASM71547v1_genomic	Cyanobacteria (1)	129	472	368	2	470	0	0	0	0	99.46	0.00	0.00
GCA_000737535.1_ASM73753v1_genomic	Cyanobacteria (1)	129	472	368	2	470	0	0	0	0	99.46	0.00	0.00
GCA_000737575.1_ASM73757v1_genomic	Cyanobacteria (1)	129	472	368	3	469	0	0	0	0	99.37	0.00	0.00
GCA_000737595.1_ASM73759v1_genomic	Cyanobacteria (1)	129	472	368	0	472	0	0	0	0	100.00	0.00	0.00
GCA_000775285.1_ASM77528v1_genomic	Cyanobacteria (1)	129	472	368	12	455	5	0	0	0	97.06	0.84	0.00
GCA_000817325.1_ASM81732v1_genomic	Cyanobacteria (1)	129	472	368	1	471	0	0	0	0	99.73	0.00	0.00
GCA_001007625.1_ASM100762v1_genomic	Cyanobacteria (1)	129	472	368	56	416	0	0	0	0	87.36	0.00	0.00
GCA_001007635.1_ASM100763v1_genomic	Cyanobacteria (1)	129	472	368	40	426	5	1	0	0	89.95	1.22	0.00
GCA_001007665.1_ASM100766v1_genomic	Cyanobacteria (1)	129	472	368	15	455	2	0	0	0	96.06	0.36	0.00
GCA_001039265.1_ASM103926v1_genomic	Cyanobacteria (1)	129	472	368	62	392	18	0	0	0	84.81	4.15	94.44
GCA_001040845.1_ASM104084v1_genomic	Cyanobacteria (1)	129	472	368	1	470	1	0	0	0	99.73	0.27	0.00
GCA_001182765.1_WH8103.1_genomic	Cyanobacteria (1)	129	472	368	1	470	1	0	0	0	99.73	0.27	100.00
GCA_001521855.1_ASM152185v1_genomic	Cyanobacteria (1)	129	472	368	1	471	0	0	0	0	99.73	0.00	0.00
GCA_001628295.1_ASM162829v1_genomic	Cyanobacteria (1)	129	472	368	20	449	3	0	0	0	95.20	0.82	100.00
GCA_001628325.1_ASM162832v1_genomic	Cyanobacteria (1)	129	472	368	26	445	1	0	0	0	94.84	0.27	100.00
GCA_001631935.1_ASM163193v1_genomic	Cyanobacteria (1)	129	472	368	5	464	3	0	0	0	99.18	0.82	66.67
GCA_001632105.1_ASM163210v1_genomic	Cyanobacteria (1)	129	472	368	1	467	4	0	0	0	99.73	1.09	25.00
GCA_001632165.1_ASM163216v1_genomic	Cyanobacteria (1)	129	472	368	0	471	1	0	0	0	100.00	0.27	0.00
GCA_001693255.1_ASM169325v1_genomic	Cyanobacteria (1)	129	472	368	0	472	0	0	0	0	100.00	0.00	0.00
GCA_001693275.1_ASM169327v1_genomic	Cyanobacteria (1)	129	472	368	0	472	0	0	0	0	100.00	0.00	0.00
GCA_001693295.1_ASM169329v1_genomic	Cyanobacteria (1)	129	472	368	0	472	0	0	0	0	100.00	0.00	0.00
GCA_001885215.1_ASM188521v1_genomic	Cyanobacteria (1)	129	472	368	1	471	0	0	0	0	99.73	0.00	0.00
GCA_002006815.1_ASM200681v1_genomic	Cyanobacteria (1)	129	472	368	37	435	0	0	0	0	91.30	0.00	0.00
GCA_002017915.1_ASM201791v1_genomic	Cyanobacteria (1)	129	472	368	323	148	1	0	0	0	27.49	0.27	0.00
GCA_002017955.1_ASM201795v1_genomic	Cyanobacteria (1)	129	472	368	361	111	0	0	0	0	23.69	0.00	0.00
GCA_002018015.1_ASM201801v1_genomic	Cyanobacteria (1)	129	472	368	114	358	0	0	0	0	73.91	0.00	0.00
GCA_002018045.1_ASM201804v1_genomic	Cyanobacteria (1)	129	472	368	85	386	1	0	0	0	79.21	0.27	100.00
GCA_002151525.1_ASM215152v1_genomic	Cyanobacteria (1)	129	472	368	139	333	0	0	0	0	74.58	0.00	0.00
GCA_002167425.2_ASM216742v2_genomic	Cyanobacteria (1)	129	472	368	74	385	13	0	0	0	84.19	3.53	69.23
GCA_002168155.1_ASM216815v1_genomic	Cyanobacteria (1)	129	472	368	31	418	23	0	0	0	93.30	4.33	100.00
GCA_002170705.1_ASM217070v1_genomic	Cyanobacteria (1)	129	472	368	182	263	27	0	0	0	58.32	5.75	100.00
GCA_002171075.2_ASM217107v2_genomic	Cyanobacteria (1)	129	472	368	125	340	7	0	0	0	73.05	1.16	85.71
GCA_002171685.2_ASM217168v2_genomic	Cyanobacteria (1)	129	472	368	273	198	1	0	0	0	37.45	0.27	100.00
GCA_002171995.1_ASM217199v1_genomic	Cyanobacteria (1)	129	472	368	178	285	9	0	0	0	60.31	0.87	0.00
GCA_002172045.1_ASM217204v1_genomic	Cyanobacteria (1)	129	472	368	182	268	22	0	0	0	60.19	5.30	86.36
GCA_002172175.1_ASM217217v1_genomic	Cyanobacteria (1)	129	472	368	187	261	24	0	0	0	62.32	5.71	75.00
GCA_002172935.1_ASM217293v1_genomic	Cyanobacteria (1)	129	472	368	98	361	13	0	0	0	78.26	2.45	100.00
GCA_002252625.1_ASM225262v1_genomic	Cyanobacteria (1)	129	472	368	2	469	1	0	0	0	99.46	0.27	0.00
GCA_002252635.1_ASM225263v1_genomic	Cyanobacteria (1)	129	472	368	0	470	2	0	0	0	100.00	0.41	0.00
GCA_002252665.1_ASM225266v1_genomic	Cyanobacteria (1)	129	472	368	2	468	2	0	0	0	99.46	0.54	0.00
GCA_002252675.1_ASM225267v1_genomic	Cyanobacteria (1)	129	472	368	4	467	1	0	0	0	98.91	0.27	0.00
GCA_002356215.1_ASM235621v1_genomic	Cyanobacteria (1)	129	472	368	2	467	3	0	0	0	99.46	0.82	100.00
GCA_002684175.1_ASM268417v1_genomic	Cyanobacteria (1)	129	472	368	161	304	7	0	0	0	62.67	1.68	71.43
GCA_002685515.1_ASM268551v1_genomic	Cyanobacteria (1)	129	472	368	206	258	8	0	0	0	56.57	1.90	100.00
GCA_002690325.1_ASM269032v1_genomic	Cyanobacteria (1)	129	472	368	63	385	23	1	0	0	88.66	5.90	69.23
GCA_002691345.1_ASM269134v1_genomic	Cyanobacteria (1)	129	472	368	97	352	23	0	0	0	80.15	4.57	65.22
GCA_002693285.1_ASM269328v1_genomic	Cyanobacteria (1)	129	472	368	69	379	24	0	0	0	84.87	5.84	70.83
GCA_002698505.1_ASM269850v1_genomic	Cyanobacteria (1)	129	472	368	32	420	20	0	0	0	91.98	3.94	95.00
GCA_002700765.1_ASM270076v1_genomic	Cyanobacteria (1)	129	472	368	102	350	20	0	0	0	76.90	3.71	100.00
GCA_002706715.1_ASM270671v1_genomic	Cyanobacteria (1)	129	472	368	199	267	6	0	0	0	54.17	1.04	100.00
GCA_002721235.1_ASM272123v1_genomic	Cyanobacteria (1)	129	472	368	1	471	0	0	0	0	99.73	0.00	0.00
GCA_002724845.1_ASM272484v1_genomic	Cyanobacteria (1)	129	472	368	111	358	3	0	0	0	76.40	0.68	100.00
GCA_002729835.1_ASM272983v1_genomic	Cyanobacteria (1)	129	472	368	40	426	6	0	0	0	90.52	1.49	16.67
GCA_002737305.1_ASM273730v1_genomic	Cyanobacteria (1)	129	472	368	53	394	25	0	0	0	87.09	5.98	96.00
GCA_002754935.1_ASM275493v1_genomic	Cyanobacteria (1)	129	472	368	5	467	0	0	0	0	98.96	0.00	0.00
GCA_002760345.1_ASM276034v1_genomic	Cyanobacteria (1)	129	472	368	10	457	5	0	0	0	98.19	1.22	40.00
GCA_002760375.1_ASM276037v1_genomic	Cyanobacteria (1)	129	472	368	7	462	3	0	0	0	98.10	0.82	33.33
GCA_002760395.1_ASM276039v1_genomic	Cyanobacteria (1)	129	472	368	9	461	2	0	0	0	97.83	0.54	0.00
GCA_002760415.1_ASM276041v1_genomic	Cyanobacteria (1)	129	472	368	5	463	4	0	0	0	98.64	1.09	50.00
GCA_002760445.1_ASM276044v1_genomic	Cyanobacteria (1)	129	472	368	6	463	3	0	0	0	98.37	0.82	33.33
GCA_002760475.1_ASM276047v1_genomic	Cyanobacteria (1)	129	472	368	5	464	3	0	0	0	98.64	0.82	33.33
GCA_003011125.1_ASM301112v1_genomic	Cyanobacteria (1)	129	472	368	6	458	8	0	0	0	98.55	1.72	75.00
GCA_003149585.1_ASM314958v1_genomic	Cyanobacteria (1)	129	472	368	0	471	1	0	0	0	100.00	0.27	0.00
GCA_003208755.1_ASM320875v1_genomic	Cyanobacteria (1)	129	472	368	363	109	0	0	0	0	22.55	0.00	0.00
GCA_003208775.1_ASM320877v1_genomic	Cyanobacteria (1)	129	472	368	203	269	0	0	0	0	58.84	0.00	0.00
GCA_003208815.1_ASM320881v1_genomic	Cyanobacteria (1)	129	472	368	274	196	1	1	0	0	44.47	0.82	0.00
GCA_003208835.1_ASM320883v1_genomic	Cyanobacteria (1)	129	472	368	116	356	0	0	0	0	74.77	0.00	0.00
GCA_003208915.1_ASM320891v1_genomic	Cyanobacteria (1)	129	472	368	314	158	0	0	0	0	35.43	0.00	0.00
GCA_003208975.1_ASM320897v1_genomic	Cyanobacteria (1)	129	472	368	203	268	1	0	0	0	54.70	0.27	0.00
GCA_003209005.1_ASM320900v1_genomic	Cyanobacteria (1)	129	472	368	71	401	0	0	0	0	86.21	0.00	0.00
GCA_003209035.1_ASM320903v1_genomic	Cyanobacteria (1)	129	472	368	226	245	1	0	0	0	52.05	0.27	0.00
GCA_003209135.1_ASM320913v1_genomic	Cyanobacteria (1)	129	472	368	234	230	7	1	0	0	51.98	0.95	100.00
GCA_003209155.1_ASM320915v1_genomic	Cyanobacteria (1)	129	472	368	122	349	1	0	0	0	73.10	0.27	0.00
GCA_003209165.1_ASM320916v1_genomic	Cyanobacteria (1)	129	472	368	54	416	2	0	0	0	86.46	0.41	0.00
GCA_003209215.1_ASM320921v1_genomic	Cyanobacteria (1)	129	472	368	226	244	2	0	0	0	47.37	0.41	0.00
GCA_003209555.1_ASM320955v1_genomic	Cyanobacteria (1)	129	472	368	370	102	0	0	0	0	20.15	0.00	0.00
GCA_003210315.1_ASM321031v1_genomic	Cyanobacteria (1)	129	472	368	204	268	0	0	0	0	60.01	0.00	0.00
GCA_003210335.1_ASM321033v1_genomic	Cyanobacteria (1)	129	472	368	386	86	0	0	0	0	21.06	0.00	0.00
GCA_003210345.1_ASM321034v1_genomic	Cyanobacteria (1)	129	472	368	280	192	0	0	0	0	44.57	0.00	0.00
GCA_003210375.1_ASM321037v1_genomic	Cyanobacteria (1)	129	472	368	116	355	1	0	0	0	75.48	0.27	0.00
GCA_003210385.1_ASM321038v1_genomic	Cyanobacteria (1)	129	472	368	412	60	0	0	0	0	12.09	0.00	0.00
GCA_003210475.1_ASM321047v1_genomic	Cyanobacteria (1)	129	472	368	232	240	0	0	0	0	53.99	0.00	0.00
GCA_003210495.1_ASM321049v1_genomic	Cyanobacteria (1)	129	472	368	333	139	0	0	0	0	33.06	0.00	0.00
GCA_003210515.1_ASM321051v1_genomic	Cyanobacteria (1)	129	472	368	204	268	0	0	0	0	61.67	0.00	0.00
GCA_003210535.1_ASM321053v1_genomic	Cyanobacteria (1)	129	472	368	287	183	2	0	0	0	41.12	0.30	50.00
GCA_003210555.1_ASM321055v1_genomic	Cyanobacteria (1)	129	472	368	232	239	1	0	0	0	52.04	0.27	100.00
GCA_003210565.1_ASM321056v1_genomic	Cyanobacteria (1)	129	472	368	342	128	2	0	0	0	25.12	0.54	100.00
GCA_003210705.1_ASM321070v1_genomic	Cyanobacteria (1)	129	472	368	145	326	1	0	0	0	72.55	0.27	0.00
GCA_003210735.1_ASM321073v1_genomic	Cyanobacteria (1)	129	472	368	149	323	0	0	0	0	72.55	0.00	0.00
GCA_003210755.1_ASM321075v1_genomic	Cyanobacteria (1)	129	472	368	55	414	3	0	0	0	87.57	0.82	0.00
GCA_003210775.1_ASM321077v1_genomic	Cyanobacteria (1)	129	472	368	151	319	2	0	0	0	71.20	0.54	0.00
GCA_003210795.1_ASM321079v1_genomic	Cyanobacteria (1)	129	472	368	98	370	4	0	0	0	81.10	0.54	0.00
GCA_003210815.1_ASM321081v1_genomic	Cyanobacteria (1)	129	472	368	183	288	1	0	0	0	62.76	0.27	0.00
GCA_003210935.1_ASM321093v1_genomic	Cyanobacteria (1)	129	472	368	142	330	0	0	0	0	67.53	0.00	0.00
GCA_003210975.1_ASM321097v1_genomic	Cyanobacteria (1)	129	472	368	370	100	2	0	0	0	17.93	0.27	0.00
GCA_003210995.1_ASM321099v1_genomic	Cyanobacteria (1)	129	472	368	148	320	4	0	0	0	66.44	0.95	0.00
GCA_003211015.1_ASM321101v1_genomic	Cyanobacteria (1)	129	472	368	121	351	0	0	0	0	78.46	0.00	0.00
GCA_003211035.1_ASM321103v1_genomic	Cyanobacteria (1)	129	472	368	384	88	0	0	0	0	16.81	0.00	0.00
GCA_003211205.1_ASM321120v1_genomic	Cyanobacteria (1)	129	472	368	103	369	0	0	0	0	77.90	0.00	0.00
GCA_003211235.1_ASM321123v1_genomic	Cyanobacteria (1)	129	472	368	216	256	0	0	0	0	54.30	0.00	0.00
GCA_003211255.1_ASM321125v1_genomic	Cyanobacteria (1)	129	472	368	220	249	3	0	0	0	58.11	0.27	100.00
GCA_003211275.1_ASM321127v1_genomic	Cyanobacteria (1)	129	472	368	162	310	0	0	0	0	69.77	0.00	0.00
GCA_003211455.1_ASM321145v1_genomic	Cyanobacteria (1)	129	472	368	341	130	1	0	0	0	31.25	0.27	100.00
GCA_003211515.1_ASM321151v1_genomic	Cyanobacteria (1)	129	472	368	172	299	1	0	0	0	68.07	0.14	100.00
GCA_003211535.1_ASM321153v1_genomic	Cyanobacteria (1)	129	472	368	78	394	0	0	0	0	81.39	0.00	0.00
GCA_003211565.1_ASM321156v1_genomic	Cyanobacteria (1)	129	472	368	251	218	3	0	0	0	45.29	0.82	100.00
GCA_003212155.1_ASM321215v1_genomic	Cyanobacteria (1)	129	472	368	456	16	0	0	0	0	3.85	0.00	0.00
GCA_003213755.1_ASM321375v1_genomic	Cyanobacteria (1)	129	472	368	296	176	0	0	0	0	37.32	0.00	0.00
GCA_003283055.1_ASM328305v1_genomic	Cyanobacteria (1)	129	472	368	467	5	0	0	0	0	1.36	0.00	0.00
GCA_003283135.1_ASM328313v1_genomic	Cyanobacteria (1)	129	472	368	439	33	0	0	0	0	7.34	0.00	0.00
GCA_003283165.1_ASM328316v1_genomic	Cyanobacteria (1)	129	472	368	458	14	0	0	0	0	3.26	0.00	0.00
GCA_003283205.1_ASM328320v1_genomic	Cyanobacteria (1)	129	472	368	452	20	0	0	0	0	4.35	0.00	0.00
GCA_003283215.1_ASM328321v1_genomic	Cyanobacteria (1)	129	472	368	457	15	0	0	0	0	2.67	0.00	0.00
GCA_003331225.1_ASM333122v1_genomic	Cyanobacteria (1)	129	472	368	57	413	2	0	0	0	88.18	0.41	100.00
GCA_003331245.1_ASM333124v1_genomic	Cyanobacteria (1)	129	472	368	80	392	0	0	0	0	84.36	0.00	0.00
GCA_003331765.1_ASM333176v1_genomic	Cyanobacteria (1)	129	472	368	64	408	0	0	0	0	85.87	0.00	0.00
GCA_003331785.1_ASM333178v1_genomic	Cyanobacteria (1)	129	472	368	42	427	3	0	0	0	90.76	0.68	66.67
GCA_003331795.1_ASM333179v1_genomic	Cyanobacteria (1)	129	472	368	86	385	1	0	0	0	81.52	0.27	100.00
GCA_003523965.1_ASM352396v1_genomic	Cyanobacteria (1)	129	472	368	133	337	2	0	0	0	69.15	0.54	0.00
GCA_003526105.1_ASM352610v1_genomic	Cyanobacteria (1)	129	472	368	177	292	3	0	0	0	60.42	0.68	66.67
GCA_003539795.1_ASM353979v1_genomic	Cyanobacteria (1)	129	472	368	105	360	7	0	0	0	77.94	1.27	14.29
GCA_003555505.1_ASM355550v1_genomic	Cyanobacteria (1)	129	472	368	22	449	1	0	0	0	94.34	0.27	0.00
GCA_003712085.1_ASM371208v1_genomic	Cyanobacteria (1)	129	472	368	2	470	0	0	0	0	99.46	0.00	0.00
GCA_003846445.1_ASM384644v1_genomic	Cyanobacteria (1)	129	472	368	0	472	0	0	0	0	100.00	0.00	0.00
GCA_003957805.1_ASM395780v1_genomic	Cyanobacteria (1)	129	472	368	0	472	0	0	0	0	100.00	0.00	0.00
GCA_003990665.2_ASM399066v2_genomic	Cyanobacteria (1)	129	472	368	1	471	0	0	0	0	99.73	0.00	0.00
GCA_004209775.1_ASM420977v1_genomic	Cyanobacteria (1)	129	472	368	0	470	1	1	0	0	100.00	0.82	0.00
GCA_004211895.1_ASM421189v1_genomic	Cyanobacteria (1)	129	472	368	277	195	0	0	0	0	43.58	0.00	0.00
GCA_004212765.1_ASM421276v1_genomic	Cyanobacteria (1)	129	472	368	229	243	0	0	0	0	51.38	0.00	0.00
GCA_004213055.1_ASM421305v1_genomic	Cyanobacteria (1)	129	472	368	39	430	3	0	0	0	90.90	0.68	100.00
GCA_004332405.1_ASM433240v1_genomic	Cyanobacteria (1)	129	472	368	2	468	2	0	0	0	99.46	0.54	0.00
GCA_004332415.1_ASM433241v1_genomic	Cyanobacteria (1)	129	472	368	3	468	1	0	0	0	99.18	0.27	0.00
GCA_005577135.1_ASM557713v1_genomic	Cyanobacteria (1)	129	472	368	0	472	0	0	0	0	100.00	0.00	0.00
GCA_007571085.1_ASM757108v1_genomic	Cyanobacteria (1)	129	472	368	31	439	2	0	0	0	92.26	0.36	50.00
GCA_007571215.1_ASM757121v1_genomic	Cyanobacteria (1)	129	472	368	26	443	3	0	0	0	93.34	0.68	33.33
GCA_007828135.1_ASM782813v1_genomic	Cyanobacteria (1)	129	472	368	1	470	1	0	0	0	99.73	0.27	0.00
GCA_008081095.1_ASM808109v1_genomic	Cyanobacteria (1)	129	472	368	199	265	8	0	0	0	58.29	2.04	75.00
GCA_008386235.1_ASM838623v1_genomic	Cyanobacteria (1)	129	472	368	0	472	0	0	0	0	100.00	0.00	0.00
GCA_008807075.1_ASM880707v1_genomic	Cyanobacteria (1)	129	472	368	4	460	8	0	0	0	98.91	1.63	100.00
GCA_009498715.1_ASM949871v1_genomic	Cyanobacteria (1)	129	472	368	2	470	0	0	0	0	99.46	0.00	0.00
GCA_009835965.1_ASM983596v1_genomic	Cyanobacteria (1)	129	472	368	22	444	6	0	0	0	94.97	1.22	50.00
GCA_009836025.1_ASM983602v1_genomic	Cyanobacteria (1)	129	472	368	21	451	0	0	0	0	94.93	0.00	0.00
GCA_009836155.1_ASM983615v1_genomic	Cyanobacteria (1)	129	472	368	36	434	2	0	0	0	90.85	0.41	50.00
GCA_009837265.1_ASM983726v1_genomic	Cyanobacteria (1)	129	472	368	33	433	6	0	0	0	91.85	1.09	83.33
GCA_009837735.1_ASM983773v1_genomic	Cyanobacteria (1)	129	472	368	80	382	10	0	0	0	80.80	2.19	10.00
GCA_009838425.1_ASM983842v1_genomic	Cyanobacteria (1)	129	472	368	150	321	1	0	0	0	65.63	0.27	100.00
GCA_009839305.1_ASM983930v1_genomic	Cyanobacteria (1)	129	472	368	113	353	6	0	0	0	75.07	1.09	50.00
GCA_009839805.1_ASM983980v1_genomic	Cyanobacteria (1)	129	472	368	133	338	1	0	0	0	71.83	0.27	0.00
GCA_009840445.1_ASM984044v1_genomic	Cyanobacteria (1)	129	472	368	11	457	4	0	0	0	97.01	0.82	75.00
GCA_009842105.1_ASM984210v1_genomic	Cyanobacteria (1)	129	472	368	60	406	6	0	0	0	85.27	1.49	83.33
GCA_009842265.1_ASM984226v1_genomic	Cyanobacteria (1)	129	472	368	24	447	1	0	0	0	93.75	0.14	100.00
GCA_009843385.1_ASM984338v1_genomic	Cyanobacteria (1)	129	472	368	68	401	3	0	0	0	83.56	0.54	0.00
GCA_009843455.1_ASM984345v1_genomic	Cyanobacteria (1)	129	472	368	26	442	4	0	0	0	93.16	0.82	100.00
GCA_009843485.1_ASM984348v1_genomic	Cyanobacteria (1)	129	472	368	20	447	5	0	0	0	95.38	1.09	60.00
GCA_009844645.1_ASM984464v1_genomic	Cyanobacteria (1)	129	472	368	44	427	1	0	0	0	88.81	0.14	0.00
GCA_009844725.1_ASM984472v1_genomic	Cyanobacteria (1)	129	472	368	79	387	6	0	0	0	82.93	1.36	83.33
GCA_009845105.1_ASM984510v1_genomic	Cyanobacteria (1)	129	472	368	91	375	5	1	0	0	78.27	1.46	37.50
GCA_009845825.1_ASM984582v1_genomic	Cyanobacteria (1)	129	472	368	55	415	2	0	0	0	87.09	0.41	0.00
GCA_009846095.1_ASM984609v1_genomic	Cyanobacteria (1)	129	472	368	43	428	1	0	0	0	89.66	0.05	100.00
GCA_009846115.1_ASM984611v1_genomic	Cyanobacteria (1)	129	472	368	60	403	9	0	0	0	87.64	1.63	66.67
GCA_009919765.1_ASM991976v1_genomic	Cyanobacteria (1)	129	472	368	95	365	12	0	0	0	79.15	2.27	0.00
GCA_011047875.1_ASM1104787v1_genomic	Cyanobacteria (1)	129	472	368	8	459	5	0	0	0	97.83	1.36	60.00
GCA_011055065.1_ASM1105506v1_genomic	Cyanobacteria (1)	129	472	368	13	455	4	0	0	0	96.99	1.09	0.00
GCA_011365345.1_ASM1136534v1_genomic	Cyanobacteria (1)	129	472	368	2	470	0	0	0	0	99.46	0.00	0.00
GCA_011523155.1_ASM1152315v1_genomic	Cyanobacteria (1)	129	472	368	127	331	12	2	0	0	77.80	4.35	11.11
GCA_011523295.1_ASM1152329v1_genomic	Cyanobacteria (1)	129	472	368	119	309	42	2	0	0	78.18	11.12	22.92
GCA_011523835.1_ASM1152383v1_genomic	Cyanobacteria (1)	129	472	368	64	388	19	1	0	0	87.54	5.43	13.64
GCA_011525445.1_ASM1152544v1_genomic	Cyanobacteria (1)	129	472	368	77	374	19	2	0	0	86.85	6.11	12.00
GCA_012103655.1_ASM1210365v1_genomic	Cyanobacteria (1)	129	472	368	4	466	2	0	0	0	98.91	0.54	100.00
GCA_012269695.1_ASM1226969v1_genomic	Cyanobacteria (1)	129	472	368	120	340	12	0	0	0	74.28	2.61	16.67
GCA_012270465.1_ASM1227046v1_genomic	Cyanobacteria (1)	129	472	368	88	381	3	0	0	0	83.65	0.82	33.33
GCA_013133755.1_ASM1313375v1_genomic	Cyanobacteria (1)	129	472	368	1	470	1	0	0	0	99.73	0.27	100.00
GCA_900047545.1_m9_genomic	Cyanobacteria (1)	129	472	368	106	364	2	0	0	0	74.82	0.41	50.00
GCA_900177365.1_IMG-taxon_2708742537_annotated_assembly_genomic	Cyanobacteria (1)	129	472	368	1	471	0	0	0	0	99.73	0.00	0.00
GCA_900177825.1_IMG-taxon_2708742468_annotated_assembly_genomic	Cyanobacteria (1)	129	472	368	2	470	0	0	0	0	99.90	0.00	0.00
GCA_900473895.1_N32_genomic	Cyanobacteria (1)	129	472	368	0	472	0	0	0	0	100.00	0.00	0.00
GCA_900473925.1_N5_genomic	Cyanobacteria (1)	129	472	368	0	472	0	0	0	0	100.00	0.00	0.00
GCA_900473935.1_UW105_genomic	Cyanobacteria (1)	129	472	368	2	470	0	0	0	0	99.46	0.00	0.00
GCA_900473955.1_GEYO_genomic	Cyanobacteria (1)	129	472	368	2	470	0	0	0	0	99.46	0.00	0.00
GCA_900473965.1_UW179A_genomic	Cyanobacteria (1)	129	472	368	0	470	2	0	0	0	100.00	0.41	50.00
GCA_900473975.1_N26_genomic	Cyanobacteria (1)	129	472	368	0	472	0	0	0	0	100.00	0.00	0.00
GCA_900474015.1_UW106_genomic	Cyanobacteria (1)	129	472	368	1	470	1	0	0	0	99.73	0.27	0.00
GCA_900474045.1_N19_genomic	Cyanobacteria (1)	129	472	368	1	471	0	0	0	0	99.73	0.00	0.00
GCA_900474085.1_UW86_genomic	Cyanobacteria (1)	129	472	368	1	471	0	0	0	0	99.73	0.00	0.00
GCA_900474185.1_UW69_genomic	Cyanobacteria (1)	129	472	368	0	472	0	0	0	0	100.00	0.00	0.00
GCA_900474245.1_UW179B_genomic	Cyanobacteria (1)	129	472	368	3	465	4	0	0	0	99.18	0.72	50.00
GCA_900474295.1_UW140_genomic	Cyanobacteria (1)	129	472	368	1	471	0	0	0	0	99.73	0.00	0.00
GCA_902527915.1_AG-896-G19_genomic	Cyanobacteria (1)	129	472	368	351	121	0	0	0	0	29.08	0.00	0.00
GCA_902533725.1_AG-898-C20_genomic	Cyanobacteria (1)	129	472	368	450	21	1	0	0	0	5.43	0.27	100.00
GCA_902540675.1_AG-359-E22_genomic	Cyanobacteria (1)	129	472	368	380	91	1	0	0	0	14.93	0.09	0.00
GCA_902548805.1_AG-901-N20_genomic	Cyanobacteria (1)	129	472	368	458	14	0	0	0	0	3.08	0.00	0.00
GCA_902549675.1_AG-903-B09_genomic	Cyanobacteria (1)	129	472	368	346	126	0	0	0	0	24.59	0.00	0.00
GCA_902560665.1_AG-905-O11_genomic	Cyanobacteria (1)	129	472	368	432	40	0	0	0	0	7.79	0.00	0.00
GCA_902575935.1_AG-426-B22_genomic	Cyanobacteria (1)	129	472	368	416	56	0	0	0	0	7.23	0.00	0.00
GCA_902579345.1_AG-911-L15_genomic	Cyanobacteria (1)	129	472	368	462	10	0	0	0	0	2.58	0.00	0.00
GCA_902582045.1_AG-912-B07_genomic	Cyanobacteria (1)	129	472	368	464	8	0	0	0	0	2.17	0.00	0.00
GCA_902584485.1_AG-912-O23_genomic	Cyanobacteria (1)	129	472	368	435	37	0	0	0	0	8.83	0.00	0.00
GCA_902589915.1_AG-914-F20_genomic	Cyanobacteria (1)	129	472	368	433	39	0	0	0	0	8.70	0.00	0.00
GCA_902592305.1_AG-914-O22_genomic	Cyanobacteria (1)	129	472	368	441	31	0	0	0	0	7.25	0.00	0.00
GCA_902592665.1_AG-447-E14_genomic	Cyanobacteria (1)	129	472	368	364	108	0	0	0	0	22.85	0.00	0.00
GCA_902596755.1_AG-916-D19_genomic	Cyanobacteria (1)	129	472	368	291	177	4	0	0	0	37.64	1.09	100.00
GCA_902599435.1_AG-916-N22_genomic	Cyanobacteria (1)	129	472	368	325	146	1	0	0	0	25.68	0.27	0.00
GCA_902599585.1_AG-916-O11_genomic	Cyanobacteria (1)	129	472	368	231	241	0	0	0	0	48.16	0.00	0.00
GCA_902612475.1_AG-918-G20_genomic	Cyanobacteria (1)	129	472	368	435	37	0	0	0	0	8.38	0.00	0.00
GCA_902616255.1_AG-919-I18_genomic	Cyanobacteria (1)	129	472	368	331	140	1	0	0	0	33.15	0.14	0.00
GCA_902616995.1_AG-919-L20_genomic	Cyanobacteria (1)	129	472	368	410	62	0	0	0	0	14.95	0.00	0.00
GCA_902618505.1_AG-892-K03_genomic	Cyanobacteria (1)	129	472	368	366	106	0	0	0	0	18.25	0.00	0.00
GCA_902618885.1_AG-920-D15_genomic	Cyanobacteria (1)	129	472	368	266	206	0	0	0	0	38.59	0.00	0.00
GCA_902635365.1_AG-447-D19_genomic	Cyanobacteria (1)	129	472	368	227	244	1	0	0	0	47.74	0.27	0.00
GCA_902635485.1_AG-447-G23_genomic	Cyanobacteria (1)	129	472	368	446	26	0	0	0	0	5.71	0.00	0.00
